,Driver,QualiPos,RacePos,DNF
0,raikkonen,13,6,False
1,alonso,19,12,False
2,alonso,21,13,False
3,raikkonen,14,22,True
4,raikkonen,10,12,True
5,alonso,19,19,True
6,raikkonen,10,20,True
7,alonso,18,22,True
8,raikkonen,9,8,False
9,alonso,18,13,False
10,raikkonen,9,4,False
11,alonso,18,15,True
12,raikkonen,15,10,False
13,alonso,18,13,True
14,raikkonen,7,4,False
15,alonso,22,19,True
16,raikkonen,9,10,False
17,alonso,21,14,False
18,raikkonen,13,7,False
19,alonso,21,17,False
20,raikkonen,7,5,False
21,alonso,21,16,False
22,alonso,21,10,False
23,raikkonen,8,17,True
24,raikkonen,9,7,False
25,alonso,18,18,True
26,raikkonen,12,19,True
27,alonso,20,22,True
28,raikkonen,9,7,False
29,alonso,21,13,True
30,alonso,17,21,True
31,raikkonen,11,22,True
32,alonso,18,11,False
33,raikkonen,12,21,True
34,raikkonen,5,3,False
35,raikkonen,5,18,True
36,raikkonen,5,12,False
37,raikkonen,5,14,True
38,raikkonen,5,18,True
39,raikkonen,6,20,True
40,raikkonen,6,19,True
41,raikkonen,5,4,False
42,raikkonen,6,3,False
43,raikkonen,5,14,True
44,raikkonen,4,2,False
45,raikkonen,5,11,True
46,raikkonen,11,4,False
47,raikkonen,2,16,True
48,raikkonen,6,15,True
49,raikkonen,6,17,True
50,raikkonen,4,3,False
51,raikkonen,15,3,False
52,alonso,10,7,False
53,raikkonen,7,1,False
54,alonso,1,3,False
55,raikkonen,4,2,False
56,alonso,10,3,False
57,raikkonen,6,2,False
58,alonso,8,6,False
59,alonso,3,2,False
60,raikkonen,20,20,True
61,raikkonen,2,2,False
62,alonso,19,16,True
63,raikkonen,2,2,False
64,alonso,8,5,False
65,alonso,4,4,False
66,raikkonen,20,6,False
67,alonso,8,4,False
68,raikkonen,1,20,True
69,raikkonen,4,4,False
70,alonso,7,18,True
71,raikkonen,3,3,False
72,alonso,8,18,True
73,alonso,8,4,False
74,raikkonen,5,19,True
75,alonso,1,1,False
76,raikkonen,7,2,False
77,raikkonen,4,4,False
78,alonso,20,8,False
79,raikkonen,1,2,False
80,alonso,6,15,True
81,raikkonen,8,2,False
82,alonso,5,18,True
83,alonso,5,3,False
84,raikkonen,10,20,True
85,alonso,19,7,False
86,raikkonen,5,17,True
87,alonso,16,6,False
88,raikkonen,19,20,True
89,alonso,6,4,False
90,raikkonen,20,8,False
91,alonso,8,4,False
92,raikkonen,13,11,False
93,alonso,3,12,True
94,raikkonen,5,13,True
95,alonso,6,5,False
96,raikkonen,4,18,True
97,raikkonen,8,5,False
98,alonso,5,13,True
99,raikkonen,7,6,False
100,alonso,9,16,True
101,alonso,1,2,False
102,raikkonen,9,7,False
103,raikkonen,1,2,False
104,alonso,16,10,False
105,alonso,5,3,False
106,raikkonen,3,20,True
107,alonso,5,3,False
108,raikkonen,10,20,True
109,raikkonen,10,1,False
110,alonso,3,16,True
111,alonso,4,16,True
112,raikkonen,7,19,True
113,raikkonen,2,3,False
114,alonso,6,4,False
115,alonso,11,5,False
116,raikkonen,12,6,False
117,raikkonen,3,2,False
118,alonso,8,4,False
119,alonso,13,3,False
120,raikkonen,10,8,False
121,alonso,1,1,False
122,raikkonen,6,9,False
123,alonso,1,1,False
124,raikkonen,9,3,False
125,alonso,2,1,False
126,raikkonen,1,16,True
127,raikkonen,1,1,False
128,alonso,3,2,False
129,raikkonen,1,1,False
130,alonso,2,4,False
131,alonso,6,1,False
132,raikkonen,2,11,True
133,raikkonen,7,1,False
134,alonso,3,17,True
135,raikkonen,2,8,True
136,alonso,6,11,True
137,alonso,1,1,False
138,raikkonen,13,2,False
139,alonso,1,2,False
140,raikkonen,12,3,False
141,alonso,3,1,False
142,raikkonen,1,20,True
143,raikkonen,4,1,False
144,alonso,6,11,False
145,raikkonen,1,1,False
146,alonso,3,2,False
147,alonso,2,2,False
148,raikkonen,11,4,False
149,raikkonen,2,1,False
150,alonso,4,2,False
151,raikkonen,5,2,False
152,alonso,1,3,False
153,raikkonen,17,1,False
154,alonso,16,3,False
155,alonso,1,1,False
156,raikkonen,3,2,False
157,alonso,4,1,False
158,raikkonen,22,3,False
159,alonso,7,2,False
160,raikkonen,6,22,True
161,alonso,3,1,False
162,raikkonen,4,2,False
163,alonso,5,2,False
164,raikkonen,8,5,False
165,alonso,1,2,False
166,raikkonen,5,4,False
167,alonso,1,1,False
168,raikkonen,9,5,False
169,alonso,1,1,False
170,raikkonen,3,20,True
171,alonso,1,1,False
172,raikkonen,2,3,False
173,alonso,1,1,False
174,raikkonen,3,3,False
175,alonso,5,5,False
176,raikkonen,9,16,True
177,alonso,3,2,False
178,raikkonen,6,5,False
179,raikkonen,1,3,False
180,alonso,7,5,False
181,alonso,15,14,True
182,raikkonen,1,15,True
183,alonso,3,2,False
184,raikkonen,7,21,True
185,raikkonen,1,2,False
186,alonso,10,19,True
187,alonso,1,2,False
188,raikkonen,5,21,True
189,alonso,5,1,False
190,raikkonen,11,5,False
191,alonso,4,2,False
192,raikkonen,2,5,False
193,raikkonen,1,1,False
194,alonso,2,2,False
195,hamilton,4,3,False
196,alonso,2,1,False
197,hamilton,4,2,False
198,raikkonen,3,3,False
199,hamilton,2,2,False
200,raikkonen,3,3,False
201,alonso,4,5,False
202,hamilton,4,2,False
203,alonso,2,3,False
204,raikkonen,3,19,True
205,alonso,1,1,False
206,hamilton,2,2,False
207,raikkonen,16,8,False
208,hamilton,1,1,False
209,raikkonen,4,5,False
210,alonso,2,7,False
211,hamilton,1,1,False
212,alonso,2,2,False
213,raikkonen,4,4,False
214,vettel,7,8,False
215,raikkonen,3,1,False
216,hamilton,2,3,False
217,alonso,10,7,False
218,raikkonen,2,1,False
219,alonso,3,2,False
220,hamilton,1,3,False
221,alonso,2,1,False
222,hamilton,10,9,False
223,raikkonen,1,14,True
224,hamilton,1,1,False
225,raikkonen,3,2,False
226,alonso,6,4,False
227,vettel,20,16,False
228,raikkonen,3,2,False
229,alonso,4,3,False
230,hamilton,2,5,False
231,vettel,18,19,False
232,alonso,1,1,False
233,hamilton,2,2,False
234,raikkonen,5,3,False
235,vettel,16,18,False
236,raikkonen,1,1,False
237,alonso,3,3,False
238,hamilton,4,4,False
239,vettel,16,21,True
240,hamilton,1,1,False
241,raikkonen,3,3,False
242,vettel,8,19,True
243,alonso,2,21,True
244,raikkonen,2,1,False
245,alonso,4,2,False
246,vettel,17,4,False
247,hamilton,1,19,True
248,raikkonen,3,1,False
249,alonso,4,3,False
250,hamilton,2,7,False
251,vettel,13,18,True
252,hamilton,1,1,False
253,alonso,11,4,False
254,raikkonen,15,8,True
255,vettel,9,20,True
256,raikkonen,2,1,False
257,hamilton,9,5,False
258,alonso,7,8,False
259,vettel,15,18,True
260,raikkonen,4,2,False
261,alonso,10,10,False
262,hamilton,3,13,False
263,vettel,19,22,True
264,raikkonen,1,1,False
265,hamilton,5,3,False
266,alonso,2,15,True
267,vettel,18,22,True
268,hamilton,3,2,False
269,raikkonen,4,3,False
270,alonso,7,6,False
271,vettel,14,17,False
272,hamilton,3,1,False
273,vettel,19,5,False
274,raikkonen,2,9,False
275,alonso,7,10,False
276,vettel,19,8,False
277,alonso,4,16,True
278,raikkonen,3,18,True
279,hamilton,1,19,True
280,raikkonen,1,2,False
281,alonso,3,8,False
282,hamilton,13,10,False
283,vettel,12,12,False
284,hamilton,4,1,False
285,raikkonen,3,4,False
286,alonso,6,6,False
287,vettel,8,19,True
288,hamilton,1,1,False
289,raikkonen,6,6,False
290,vettel,9,8,False
291,alonso,5,11,False
292,raikkonen,6,3,False
293,alonso,7,4,False
294,hamilton,1,5,False
295,vettel,11,20,True
296,hamilton,2,2,False
297,vettel,6,6,False
298,raikkonen,4,18,True
299,alonso,12,20,True
300,hamilton,1,3,False
301,alonso,6,4,False
302,vettel,10,5,False
303,raikkonen,4,18,True
304,vettel,1,1,False
305,alonso,8,4,False
306,hamilton,15,7,False
307,raikkonen,14,9,False
308,alonso,15,1,False
309,hamilton,2,3,False
310,vettel,6,5,False
311,raikkonen,3,15,True
312,alonso,4,1,False
313,raikkonen,2,3,False
314,vettel,9,6,False
315,hamilton,1,12,False
316,hamilton,1,1,False
317,raikkonen,2,3,False
318,alonso,4,4,False
319,vettel,6,9,False
320,alonso,6,2,False
321,raikkonen,3,3,False
322,vettel,7,4,False
323,hamilton,4,5,False
324,alonso,10,5,False
325,vettel,3,13,True
326,raikkonen,7,15,True
327,hamilton,18,20,True
328,hamilton,12,7,False
329,alonso,9,11,False
330,raikkonen,7,14,False
331,vettel,13,15,True
332,vettel,1,1,False
333,hamilton,9,6,False
334,alonso,2,9,False
335,raikkonen,8,10,False
336,vettel,3,2,False
337,hamilton,5,4,False
338,raikkonen,10,6,False
339,alonso,7,8,False
340,vettel,2,4,False
341,alonso,8,5,False
342,hamilton,14,9,False
343,raikkonen,16,15,True
344,raikkonen,2,3,False
345,alonso,9,7,False
346,hamilton,19,12,False
347,vettel,4,18,True
348,vettel,1,3,False
349,raikkonen,6,9,False
350,alonso,8,10,False
351,hamilton,16,13,False
352,vettel,1,1,False
353,raikkonen,9,8,False
354,alonso,10,14,False
355,hamilton,18,16,False
356,vettel,4,2,False
357,alonso,12,7,False
358,hamilton,5,18,False
359,raikkonen,9,19,True
360,hamilton,4,1,False
361,raikkonen,7,2,False
362,vettel,2,17,True
363,alonso,1,18,True
364,hamilton,1,2,False
365,raikkonen,6,3,False
366,alonso,8,6,False
367,vettel,4,20,True
368,raikkonen,6,1,False
369,vettel,8,3,False
370,alonso,13,15,True
371,hamilton,12,19,True
372,raikkonen,3,3,False
373,alonso,8,5,False
374,vettel,9,8,False
375,hamilton,1,12,True
376,hamilton,1,1,False
377,alonso,5,3,False
378,vettel,2,4,False
379,raikkonen,12,10,False
380,vettel,1,1,False
381,hamilton,3,3,False
382,raikkonen,5,4,False
383,alonso,16,10,False
384,hamilton,17,3,False
385,vettel,15,4,False
386,raikkonen,5,6,False
387,alonso,10,20,True
388,vettel,2,1,False
389,raikkonen,11,12,False
390,alonso,15,14,False
391,hamilton,1,19,True
392,alonso,3,1,False
393,hamilton,4,3,False
394,vettel,1,4,False
395,alonso,3,4,False
396,hamilton,11,6,False
397,vettel,1,17,True
398,vettel,3,1,False
399,hamilton,20,6,False
400,alonso,19,13,True
401,hamilton,6,2,False
402,alonso,3,4,False
403,vettel,1,6,False
404,alonso,4,2,False
405,vettel,2,3,False
406,hamilton,3,14,True
407,vettel,3,2,False
408,hamilton,5,5,False
409,alonso,24,6,False
410,hamilton,2,1,False
411,alonso,12,8,False
412,vettel,3,22,True
413,hamilton,1,1,False
414,alonso,3,3,False
415,vettel,2,4,False
416,vettel,1,1,False
417,hamilton,3,2,False
418,alonso,4,8,False
419,hamilton,4,2,False
420,vettel,1,7,False
421,alonso,3,14,False
422,alonso,2,1,False
423,vettel,1,3,False
424,hamilton,6,4,False
425,alonso,3,2,False
426,vettel,1,3,False
427,hamilton,5,20,True
428,hamilton,2,1,False
429,vettel,4,15,False
430,alonso,10,21,True
431,alonso,1,1,False
432,vettel,6,4,False
433,hamilton,5,23,True
434,alonso,1,1,False
435,vettel,2,2,False
436,hamilton,3,19,True
437,vettel,1,1,False
438,alonso,4,3,False
439,hamilton,8,5,False
440,alonso,3,1,False
441,hamilton,4,2,False
442,vettel,1,17,True
443,vettel,2,1,False
444,alonso,5,3,False
445,hamilton,4,4,False
446,vettel,1,1,False
447,hamilton,2,2,False
448,alonso,3,7,False
449,vettel,1,1,False
450,hamilton,2,2,False
451,alonso,5,4,False
452,perez,13,22,True
453,vettel,1,1,False
454,alonso,5,6,False
455,hamilton,2,8,False
456,perez,16,21,True
457,hamilton,3,1,False
458,vettel,1,2,False
459,alonso,5,7,False
460,perez,12,17,False
461,vettel,1,1,False
462,alonso,5,3,False
463,hamilton,4,4,False
464,perez,15,14,False
465,vettel,2,1,False
466,hamilton,3,2,False
467,alonso,4,5,False
468,perez,12,9,False
469,vettel,1,1,False
470,alonso,4,2,False
471,hamilton,9,6,False
472,perez,0,24,True
473,vettel,1,2,False
474,alonso,2,22,True
475,hamilton,5,24,True
476,vettel,1,1,False
477,alonso,4,2,False
478,hamilton,3,4,False
479,perez,16,11,False
480,alonso,3,1,False
481,vettel,2,2,False
482,hamilton,10,4,False
483,perez,12,7,False
484,ricciardo,24,19,False
485,hamilton,2,1,False
486,alonso,4,2,False
487,vettel,3,4,False
488,perez,15,11,False
489,ricciardo,22,19,False
490,vettel,1,2,False
491,alonso,5,3,False
492,hamilton,2,4,False
493,perez,10,15,False
494,ricciardo,22,18,False
495,vettel,1,1,False
496,alonso,8,4,False
497,perez,9,20,True
498,ricciardo,23,21,True
499,hamilton,2,22,True
500,vettel,1,1,False
501,alonso,4,3,False
502,hamilton,2,4,False
503,ricciardo,23,16,True
504,perez,15,17,True
505,vettel,1,1,False
506,alonso,5,4,False
507,hamilton,4,5,False
508,perez,11,10,False
509,ricciardo,23,19,False
510,alonso,5,2,False
511,vettel,1,3,False
512,hamilton,3,5,False
513,perez,17,8,False
514,ricciardo,22,22,False
515,vettel,2,1,False
516,hamilton,1,2,False
517,alonso,6,5,False
518,perez,17,16,False
519,ricciardo,24,19,False
520,vettel,1,1,False
521,alonso,3,3,False
522,hamilton,5,7,False
523,perez,20,10,False
524,ricciardo,23,18,False
525,hamilton,2,1,False
526,alonso,5,2,False
527,perez,11,11,False
528,ricciardo,20,21,True
529,vettel,1,24,True
530,vettel,1,2,False
531,alonso,5,4,False
532,perez,17,13,False
533,ricciardo,22,20,False
534,hamilton,4,22,True
535,vettel,6,2,False
536,hamilton,1,3,False
537,alonso,12,5,False
538,raikkonen,17,7,False
539,perez,22,8,False
540,ricciardo,10,9,False
541,alonso,8,1,False
542,perez,9,2,False
543,hamilton,1,3,False
544,raikkonen,10,5,False
545,vettel,5,11,False
546,ricciardo,15,12,False
547,hamilton,7,3,False
548,vettel,11,5,False
549,alonso,9,9,False
550,perez,8,11,False
551,raikkonen,4,14,False
552,ricciardo,17,17,False
553,vettel,1,1,False
554,raikkonen,11,2,False
555,alonso,9,7,False
556,hamilton,2,8,False
557,perez,8,11,False
558,ricciardo,6,15,False
559,alonso,2,2,False
560,raikkonen,4,3,False
561,vettel,7,6,False
562,hamilton,24,8,False
563,ricciardo,15,13,False
564,perez,5,20,True
565,alonso,5,3,False
566,vettel,9,4,False
567,hamilton,3,5,False
568,raikkonen,8,9,False
569,perez,23,11,False
570,ricciardo,15,17,True
571,hamilton,2,1,False
572,perez,15,3,False
573,vettel,1,4,False
574,alonso,3,5,False
575,raikkonen,12,8,False
576,ricciardo,14,14,False
577,alonso,11,1,False
578,raikkonen,5,2,False
579,perez,15,9,False
580,ricciardo,17,11,False
581,hamilton,2,19,True
582,vettel,1,21,True
583,alonso,1,2,False
584,vettel,4,3,False
585,raikkonen,6,5,False
586,hamilton,8,8,False
587,ricciardo,12,13,False
588,perez,15,22,True
589,alonso,1,1,False
590,raikkonen,10,3,False
591,vettel,2,5,False
592,perez,17,6,False
593,ricciardo,11,13,False
594,hamilton,7,24,True
595,hamilton,1,1,False
596,raikkonen,5,2,False
597,vettel,3,4,False
598,alonso,6,5,False
599,perez,14,14,False
600,ricciardo,18,15,False
601,vettel,10,2,False
602,raikkonen,3,3,False
603,ricciardo,16,9,False
604,perez,4,21,True
605,alonso,5,22,True
606,hamilton,7,23,True
607,hamilton,1,1,False
608,perez,12,2,False
609,alonso,10,3,False
610,raikkonen,7,5,False
611,ricciardo,14,12,False
612,vettel,5,22,True
613,vettel,3,1,False
614,alonso,5,3,False
615,raikkonen,12,6,False
616,ricciardo,15,9,False
617,perez,14,10,False
618,hamilton,1,24,True
619,vettel,1,1,False
620,hamilton,9,5,False
621,raikkonen,7,6,False
622,ricciardo,14,10,False
623,perez,5,22,True
624,alonso,6,23,True
625,vettel,2,1,False
626,alonso,4,3,False
627,raikkonen,5,5,False
628,ricciardo,21,9,False
629,hamilton,3,10,False
630,perez,12,11,False
631,vettel,1,1,False
632,alonso,5,2,False
633,hamilton,3,4,False
634,raikkonen,7,7,False
635,ricciardo,15,13,False
636,perez,8,24,True
637,raikkonen,4,1,False
638,alonso,6,2,False
639,vettel,24,3,False
640,ricciardo,16,10,False
641,perez,11,15,False
642,hamilton,1,21,True
643,hamilton,2,1,False
644,vettel,1,2,False
645,alonso,7,3,False
646,raikkonen,4,6,False
647,perez,15,11,False
648,ricciardo,18,12,False
649,alonso,7,2,False
650,vettel,4,6,False
651,raikkonen,8,10,False
652,ricciardo,15,13,False
653,hamilton,1,20,True
654,perez,12,24,True
655,raikkonen,7,1,False
656,alonso,5,2,False
657,vettel,1,3,False
658,hamilton,3,5,False
659,perez,15,11,False
660,bottas,16,14,False
661,ricciardo,14,19,True
662,vettel,1,1,False
663,hamilton,4,3,False
664,raikkonen,10,7,False
665,perez,9,9,False
666,bottas,18,11,False
667,ricciardo,13,18,True
668,alonso,3,22,True
669,alonso,3,1,False
670,raikkonen,2,2,False
671,hamilton,1,3,False
672,vettel,9,4,False
673,ricciardo,7,7,False
674,perez,12,11,False
675,bottas,16,13,False
676,vettel,2,1,False
677,raikkonen,8,2,False
678,hamilton,9,5,False
679,perez,12,6,False
680,alonso,3,8,False
681,bottas,15,14,False
682,ricciardo,13,16,False
683,alonso,5,1,False
684,raikkonen,4,2,False
685,vettel,3,4,False
686,perez,8,9,False
687,ricciardo,11,10,False
688,hamilton,2,12,False
689,bottas,16,16,False
690,vettel,3,2,False
691,hamilton,2,4,False
692,alonso,6,7,False
693,raikkonen,5,10,False
694,bottas,14,12,False
695,perez,7,16,True
696,ricciardo,12,18,True
697,vettel,1,1,False
698,alonso,6,2,False
699,hamilton,2,3,False
700,raikkonen,10,9,False
701,perez,12,11,False
702,bottas,3,14,False
703,ricciardo,11,15,False
704,alonso,9,3,False
705,hamilton,1,4,False
706,raikkonen,8,5,False
707,ricciardo,5,8,False
708,bottas,16,12,False
709,perez,13,20,True
710,vettel,3,21,True
711,vettel,2,1,False
712,raikkonen,4,2,False
713,alonso,8,4,False
714,hamilton,1,5,False
715,perez,13,8,False
716,ricciardo,6,12,False
717,bottas,17,16,False
718,hamilton,1,1,False
719,raikkonen,6,2,False
720,vettel,2,3,False
721,alonso,5,5,False
722,perez,9,9,False
723,ricciardo,8,13,False
724,bottas,16,20,True
725,vettel,2,1,False
726,alonso,9,2,False
727,hamilton,1,3,False
728,ricciardo,19,10,False
729,perez,13,11,False
730,bottas,20,15,False
731,raikkonen,8,21,True
732,vettel,1,1,False
733,alonso,5,2,False
734,ricciardo,7,7,False
735,hamilton,12,9,False
736,raikkonen,11,11,False
737,perez,8,12,False
738,bottas,18,15,False
739,vettel,1,1,False
740,alonso,7,2,False
741,raikkonen,13,3,False
742,hamilton,5,5,False
743,perez,14,8,False
744,bottas,16,13,False
745,ricciardo,9,22,True
746,vettel,1,1,False
747,raikkonen,9,2,False
748,hamilton,2,5,False
749,alonso,5,6,False
750,perez,10,10,False
751,bottas,17,12,False
752,ricciardo,12,19,False
753,vettel,2,1,False
754,alonso,8,4,False
755,raikkonen,9,5,False
756,ricciardo,16,13,False
757,perez,11,15,False
758,bottas,13,17,False
759,hamilton,3,20,True
760,vettel,1,1,False
761,perez,9,5,False
762,hamilton,3,6,False
763,raikkonen,6,7,False
764,ricciardo,11,10,False
765,alonso,8,11,False
766,bottas,15,16,False
767,vettel,2,1,False
768,alonso,10,5,False
769,hamilton,4,7,False
770,perez,8,9,False
771,bottas,15,15,False
772,ricciardo,9,16,False
773,raikkonen,22,22,True
774,vettel,1,1,False
775,hamilton,5,4,False
776,alonso,6,5,False
777,perez,7,7,False
778,bottas,9,8,False
779,ricciardo,10,11,False
780,vettel,1,1,False
781,alonso,3,3,False
782,perez,19,6,False
783,hamilton,5,9,False
784,ricciardo,7,10,False
785,bottas,13,21,True
786,alonso,5,4,False
787,bottas,15,5,False
788,raikkonen,11,7,False
789,perez,16,10,False
790,vettel,12,18,True
791,hamilton,1,19,True
792,ricciardo,2,22,True
793,hamilton,1,1,False
794,vettel,2,3,False
795,alonso,4,4,False
796,bottas,18,8,False
797,raikkonen,6,12,False
798,ricciardo,5,16,True
799,perez,14,22,True
800,hamilton,2,1,False
801,perez,4,3,False
802,ricciardo,13,4,False
803,vettel,10,6,False
804,bottas,3,8,False
805,alonso,9,9,False
806,raikkonen,5,10,False
807,hamilton,1,1,False
808,alonso,5,3,False
809,ricciardo,2,4,False
810,vettel,3,5,False
811,bottas,7,7,False
812,raikkonen,11,8,False
813,perez,16,9,False
814,hamilton,1,1,False
815,ricciardo,3,3,False
816,vettel,15,4,False
817,bottas,4,5,False
818,alonso,7,6,False
819,raikkonen,6,7,False
820,perez,11,9,False
821,hamilton,2,2,False
822,ricciardo,3,3,False
823,alonso,5,4,False
824,raikkonen,6,12,False
825,bottas,13,16,True
826,vettel,4,20,True
827,perez,10,21,True
828,ricciardo,6,1,False
829,vettel,3,3,False
830,alonso,7,6,False
831,bottas,4,7,False
832,raikkonen,10,10,False
833,perez,13,11,True
834,hamilton,2,17,True
835,hamilton,9,2,False
836,bottas,2,3,False
837,alonso,4,5,False
838,perez,15,6,False
839,ricciardo,5,8,False
840,raikkonen,8,10,False
841,vettel,12,21,True
842,hamilton,6,1,False
843,bottas,14,2,False
844,ricciardo,8,3,False
845,vettel,2,5,False
846,alonso,16,6,False
847,perez,7,11,False
848,raikkonen,18,22,True
849,bottas,2,2,False
850,hamilton,20,3,False
851,vettel,6,4,False
852,alonso,7,5,False
853,ricciardo,5,6,False
854,perez,10,10,False
855,raikkonen,12,11,False
856,ricciardo,4,1,False
857,alonso,5,2,False
858,hamilton,22,3,False
859,raikkonen,16,6,False
860,vettel,2,7,False
861,bottas,3,8,False
862,perez,12,19,True
863,ricciardo,5,1,False
864,bottas,6,3,False
865,raikkonen,8,4,False
866,vettel,3,5,False
867,alonso,4,7,False
868,perez,13,8,False
869,hamilton,2,19,True
870,hamilton,1,1,False
871,bottas,3,4,False
872,ricciardo,9,5,False
873,vettel,8,6,False
874,perez,10,7,False
875,raikkonen,11,9,False
876,alonso,7,21,True
877,hamilton,1,1,False
878,vettel,4,2,False
879,ricciardo,3,3,False
880,alonso,5,4,False
881,perez,15,7,False
882,raikkonen,7,8,False
883,bottas,8,11,False
884,hamilton,2,1,False
885,vettel,9,3,False
886,ricciardo,6,4,False
887,bottas,3,6,False
888,perez,11,10,False
889,raikkonen,10,12,False
890,alonso,5,22,True
891,hamilton,1,1,False
892,bottas,3,3,False
893,alonso,7,6,False
894,ricciardo,6,7,False
895,vettel,10,8,False
896,raikkonen,8,9,False
897,perez,12,10,False
898,hamilton,2,1,False
899,ricciardo,5,3,False
900,bottas,3,5,False
901,alonso,6,6,False
902,vettel,18,7,False
903,raikkonen,8,13,False
904,perez,11,17,True
905,hamilton,2,2,False
906,vettel,6,5,False
907,alonso,8,6,False
908,raikkonen,10,7,False
909,bottas,4,10,False
910,perez,18,15,False
911,ricciardo,9,18,True
912,hamilton,2,1,False
913,bottas,3,3,False
914,ricciardo,20,4,False
915,perez,11,7,False
916,vettel,19,8,False
917,alonso,8,9,False
918,raikkonen,7,10,False
919,hamilton,1,1,False
920,vettel,4,3,False
921,ricciardo,6,6,False
922,sainz,7,9,False
923,perez,14,10,False
924,raikkonen,5,12,True
925,max_verstappen,11,13,True
926,bottas,0,18,True
927,vettel,2,1,False
928,hamilton,1,2,False
929,raikkonen,11,4,False
930,bottas,8,5,False
931,max_verstappen,6,7,False
932,sainz,15,8,False
933,ricciardo,4,10,False
934,perez,14,13,False
935,alonso,18,18,True
936,hamilton,1,1,False
937,vettel,3,3,False
938,raikkonen,6,4,False
939,bottas,5,6,False
940,ricciardo,7,9,False
941,perez,15,11,False
942,alonso,18,12,False
943,sainz,14,13,False
944,max_verstappen,13,17,True
945,hamilton,1,1,False
946,raikkonen,4,2,False
947,bottas,5,4,False
948,vettel,2,5,False
949,ricciardo,7,6,False
950,perez,11,8,False
951,alonso,14,11,False
952,max_verstappen,15,18,True
953,sainz,9,19,True
954,hamilton,2,2,False
955,vettel,3,3,False
956,bottas,4,4,False
957,raikkonen,7,5,False
958,ricciardo,10,7,False
959,sainz,5,9,False
960,max_verstappen,6,11,False
961,perez,18,13,False
962,alonso,13,20,True
963,vettel,3,2,False
964,hamilton,1,3,False
965,ricciardo,4,5,False
966,raikkonen,6,6,False
967,perez,7,7,False
968,sainz,0,10,False
969,bottas,16,14,False
970,max_verstappen,9,18,True
971,alonso,13,19,True
972,hamilton,1,1,False
973,bottas,4,3,False
974,raikkonen,3,4,False
975,vettel,18,5,False
976,perez,10,11,False
977,sainz,11,12,False
978,ricciardo,9,13,False
979,max_verstappen,19,15,False
980,alonso,13,20,True
981,hamilton,1,2,False
982,vettel,3,4,False
983,bottas,6,5,False
984,max_verstappen,7,8,False
985,perez,13,9,False
986,ricciardo,18,10,False
987,sainz,12,16,True
988,raikkonen,14,19,True
989,alonso,19,20,True
990,hamilton,1,1,False
991,vettel,6,3,False
992,bottas,4,5,False
993,raikkonen,5,8,False
994,perez,11,9,False
995,alonso,17,10,False
996,sainz,8,14,True
997,ricciardo,10,15,True
998,max_verstappen,13,16,True
999,vettel,3,1,False
1000,ricciardo,4,3,False
1001,max_verstappen,9,4,False
1002,alonso,15,5,False
1003,hamilton,1,6,False
1004,bottas,6,13,False
1005,sainz,12,17,True
1006,raikkonen,5,18,True
1007,perez,13,19,True
1008,hamilton,1,1,False
1009,perez,4,5,False
1010,raikkonen,16,7,False
1011,max_verstappen,18,8,False
1012,bottas,3,9,True
1013,vettel,8,12,True
1014,alonso,20,13,False
1015,sainz,10,17,True
1016,ricciardo,5,18,True
1017,hamilton,1,1,False
1018,vettel,3,2,False
1019,bottas,6,4,False
1020,raikkonen,2,5,False
1021,perez,7,6,False
1022,ricciardo,19,8,False
1023,sainz,17,11,False
1024,max_verstappen,20,12,False
1025,alonso,16,18,False
1026,vettel,1,1,False
1027,ricciardo,2,2,False
1028,raikkonen,3,3,False
1029,bottas,7,5,False
1030,perez,13,7,False
1031,max_verstappen,8,8,False
1032,sainz,14,9,False
1033,alonso,12,17,True
1034,hamilton,5,18,True
1035,hamilton,2,1,False
1036,vettel,4,3,False
1037,raikkonen,6,4,False
1038,bottas,3,5,False
1039,max_verstappen,17,9,False
1040,sainz,10,10,False
1041,alonso,12,11,False
1042,perez,9,12,False
1043,ricciardo,7,15,False
1044,hamilton,2,1,False
1045,vettel,4,2,False
1046,perez,7,3,False
1047,raikkonen,5,8,False
1048,max_verstappen,9,10,False
1049,alonso,19,11,False
1050,bottas,3,12,True
1051,ricciardo,10,15,True
1052,sainz,20,16,True
1053,hamilton,2,1,False
1054,vettel,13,3,False
1055,max_verstappen,8,4,False
1056,perez,5,5,False
1057,sainz,20,7,False
1058,ricciardo,3,10,False
1059,alonso,9,11,False
1060,raikkonen,18,16,True
1061,bottas,16,19,True
1062,hamilton,2,2,False
1063,bottas,6,3,False
1064,ricciardo,5,5,False
1065,perez,9,8,False
1066,max_verstappen,8,9,False
1067,sainz,11,13,False
1068,vettel,3,18,True
1069,raikkonen,19,19,True
1070,alonso,18,20,True
1071,hamilton,2,2,False
1072,vettel,3,3,False
1073,raikkonen,4,4,False
1074,bottas,7,5,False
1075,max_verstappen,9,9,False
1076,ricciardo,19,11,False
1077,perez,11,12,False
1078,alonso,20,15,False
1079,sainz,10,19,True
1080,hamilton,2,2,False
1081,raikkonen,3,3,False
1082,vettel,15,4,False
1083,perez,4,5,False
1084,ricciardo,5,6,False
1085,sainz,10,11,False
1086,bottas,6,13,False
1087,max_verstappen,11,16,False
1088,alonso,16,17,False
1089,hamilton,1,2,False
1090,vettel,3,3,False
1091,ricciardo,8,4,False
1092,bottas,16,8,False
1093,sainz,7,9,False
1094,max_verstappen,5,10,False
1095,perez,9,13,False
1096,raikkonen,4,18,True
1097,alonso,11,21,True
1098,raikkonen,4,2,False
1099,hamilton,1,3,False
1100,ricciardo,5,4,False
1101,max_verstappen,10,6,False
1102,bottas,6,9,False
1103,perez,18,16,False
1104,sainz,11,18,True
1105,vettel,3,21,True
1106,vettel,4,2,False
1107,ricciardo,2,4,False
1108,raikkonen,3,5,False
1109,hamilton,22,7,False
1110,max_verstappen,9,8,False
1111,sainz,8,9,False
1112,bottas,5,10,False
1113,perez,7,11,False
1114,alonso,11,12,False
1115,hamilton,10,2,False
1116,raikkonen,3,3,False
1117,bottas,2,4,False
1118,alonso,14,6,False
1119,perez,6,9,False
1120,ricciardo,5,11,False
1121,sainz,11,12,False
1122,max_verstappen,9,19,True
1123,vettel,7,20,True
1124,max_verstappen,4,1,False
1125,raikkonen,5,2,False
1126,vettel,6,3,False
1127,ricciardo,3,4,False
1128,bottas,7,5,False
1129,sainz,8,6,False
1130,perez,9,7,False
1131,alonso,10,19,True
1132,hamilton,1,21,True
1133,hamilton,3,1,False
1134,ricciardo,1,2,False
1135,perez,7,3,False
1136,vettel,4,4,False
1137,alonso,9,5,False
1138,sainz,6,8,False
1139,bottas,10,12,False
1140,max_verstappen,0,18,True
1141,raikkonen,11,21,True
1142,hamilton,1,1,False
1143,vettel,3,2,False
1144,bottas,7,3,False
1145,max_verstappen,5,4,False
1146,raikkonen,6,6,False
1147,ricciardo,4,7,False
1148,sainz,20,9,False
1149,perez,11,10,False
1150,alonso,10,11,False
1151,vettel,3,2,False
1152,perez,7,3,False
1153,raikkonen,4,4,False
1154,hamilton,10,5,False
1155,bottas,8,6,False
1156,ricciardo,2,7,False
1157,max_verstappen,9,8,False
1158,alonso,13,19,True
1159,sainz,18,21,True
1160,hamilton,1,1,False
1161,max_verstappen,8,2,False
1162,raikkonen,4,3,False
1163,ricciardo,5,5,False
1164,sainz,15,8,False
1165,bottas,7,9,False
1166,perez,16,17,True
1167,alonso,14,18,True
1168,vettel,9,21,True
1169,hamilton,1,1,False
1170,max_verstappen,3,2,False
1171,ricciardo,4,4,False
1172,raikkonen,5,5,False
1173,perez,10,6,False
1174,sainz,7,8,False
1175,vettel,11,9,False
1176,alonso,9,13,False
1177,bottas,6,14,False
1178,hamilton,2,1,False
1179,ricciardo,3,3,False
1180,vettel,5,4,False
1181,max_verstappen,4,5,False
1182,raikkonen,14,6,False
1183,alonso,7,7,False
1184,sainz,6,8,False
1185,bottas,10,9,False
1186,perez,13,11,False
1187,hamilton,2,1,False
1188,ricciardo,3,2,False
1189,max_verstappen,4,3,False
1190,vettel,6,5,False
1191,raikkonen,5,6,False
1192,bottas,7,9,False
1193,perez,9,10,False
1194,alonso,13,12,False
1195,sainz,15,14,False
1196,ricciardo,5,2,False
1197,hamilton,21,3,False
1198,perez,6,5,False
1199,vettel,4,6,False
1200,alonso,22,7,False
1201,bottas,8,8,False
1202,raikkonen,3,9,False
1203,max_verstappen,2,11,False
1204,ocon,17,16,False
1205,sainz,14,20,True
1206,hamilton,1,2,False
1207,vettel,3,3,False
1208,raikkonen,4,4,False
1209,ricciardo,6,5,False
1210,bottas,5,6,False
1211,max_verstappen,7,7,False
1212,perez,8,8,False
1213,alonso,12,14,False
1214,sainz,15,15,False
1215,ocon,22,18,False
1216,ricciardo,2,2,False
1217,hamilton,3,3,False
1218,raikkonen,5,4,False
1219,vettel,22,5,False
1220,max_verstappen,4,6,False
1221,alonso,9,7,False
1222,perez,17,8,False
1223,sainz,6,14,False
1224,ocon,21,18,False
1225,bottas,10,20,True
1226,ricciardo,4,1,False
1227,max_verstappen,3,2,False
1228,raikkonen,6,4,False
1229,bottas,11,5,False
1230,perez,7,6,False
1231,alonso,22,7,False
1232,sainz,16,11,False
1233,ocon,20,16,False
1234,hamilton,1,18,True
1235,vettel,5,22,True
1236,max_verstappen,3,2,False
1237,hamilton,2,3,False
1238,vettel,6,4,False
1239,raikkonen,8,5,False
1240,ricciardo,4,6,False
1241,perez,5,7,False
1242,bottas,11,10,False
1243,alonso,15,16,False
1244,sainz,14,17,False
1245,ocon,20,21,False
1246,hamilton,1,1,False
1247,ricciardo,3,3,False
1248,vettel,6,4,False
1249,alonso,12,5,False
1250,sainz,10,6,False
1251,perez,11,8,False
1252,bottas,8,16,False
1253,ocon,22,18,False
1254,raikkonen,5,19,True
1255,max_verstappen,4,20,True
1256,hamilton,1,1,False
1257,ricciardo,4,3,False
1258,max_verstappen,3,4,False
1259,vettel,7,5,False
1260,raikkonen,6,6,False
1261,bottas,8,8,False
1262,perez,12,10,False
1263,alonso,11,13,False
1264,sainz,10,16,False
1265,ocon,20,21,False
1266,hamilton,1,1,False
1267,max_verstappen,4,3,False
1268,perez,9,4,False
1269,vettel,5,5,False
1270,sainz,15,6,False
1271,ricciardo,6,8,False
1272,alonso,10,10,False
1273,bottas,11,11,False
1274,ocon,22,12,False
1275,raikkonen,3,20,True
1276,hamilton,1,1,False
1277,vettel,5,3,False
1278,max_verstappen,6,4,False
1279,ricciardo,3,5,False
1280,raikkonen,4,6,False
1281,perez,8,8,False
1282,alonso,9,10,False
1283,ocon,20,13,False
1284,sainz,21,18,True
1285,bottas,11,21,True
1286,vettel,2,1,False
1287,hamilton,1,2,False
1288,bottas,3,3,False
1289,raikkonen,4,4,False
1290,max_verstappen,5,5,False
1291,perez,10,7,False
1292,sainz,8,8,False
1293,ocon,13,10,False
1294,giovinazzi,16,12,False
1295,alonso,12,14,True
1296,stroll,20,16,True
1297,ricciardo,0,17,True
1298,hamilton,1,1,False
1299,vettel,2,2,False
1300,max_verstappen,16,3,False
1301,ricciardo,5,4,False
1302,raikkonen,4,5,False
1303,bottas,3,6,False
1304,sainz,11,7,False
1305,perez,8,9,False
1306,ocon,17,10,False
1307,alonso,13,16,True
1308,giovinazzi,18,19,True
1309,stroll,10,20,True
1310,vettel,3,1,False
1311,hamilton,2,2,False
1312,bottas,1,3,False
1313,raikkonen,5,4,False
1314,ricciardo,4,5,False
1315,perez,18,7,False
1316,ocon,14,10,False
1317,alonso,15,14,True
1318,sainz,16,16,True
1319,stroll,12,17,True
1320,max_verstappen,6,18,True
1321,bottas,3,1,False
1322,vettel,1,2,False
1323,raikkonen,2,3,False
1324,hamilton,4,4,False
1325,max_verstappen,7,5,False
1326,perez,9,6,False
1327,ocon,10,7,False
1328,sainz,14,10,False
1329,stroll,11,11,False
1330,ricciardo,5,17,True
1331,alonso,15,20,True
1332,hamilton,1,1,False
1333,vettel,2,2,False
1334,ricciardo,6,3,False
1335,perez,8,4,False
1336,ocon,10,5,False
1337,sainz,12,7,False
1338,alonso,7,12,False
1339,stroll,18,16,False
1340,bottas,3,17,True
1341,max_verstappen,5,19,True
1342,raikkonen,4,20,True
1343,vettel,2,1,False
1344,raikkonen,1,2,False
1345,ricciardo,5,3,False
1346,bottas,3,4,False
1347,max_verstappen,4,5,False
1348,sainz,6,6,False
1349,hamilton,13,7,False
1350,ocon,15,12,False
1351,perez,7,13,False
1352,stroll,17,15,True
1353,hamilton,1,1,False
1354,bottas,3,2,False
1355,ricciardo,6,3,False
1356,vettel,2,4,False
1357,perez,8,5,False
1358,ocon,9,6,False
1359,raikkonen,4,7,False
1360,stroll,17,9,False
1361,alonso,12,16,True
1362,max_verstappen,5,18,True
1363,sainz,13,20,True
1364,ricciardo,10,1,False
1365,bottas,2,2,False
1366,stroll,8,3,False
1367,vettel,4,4,False
1368,hamilton,1,5,False
1369,ocon,7,6,False
1370,sainz,15,8,False
1371,alonso,19,9,False
1372,raikkonen,3,14,True
1373,perez,6,15,True
1374,max_verstappen,5,18,True
1375,bottas,1,1,False
1376,vettel,2,2,False
1377,ricciardo,4,3,False
1378,hamilton,8,4,False
1379,raikkonen,3,5,False
1380,perez,7,7,False
1381,ocon,9,8,False
1382,stroll,18,10,False
1383,sainz,10,17,True
1384,alonso,12,19,True
1385,max_verstappen,5,20,True
1386,hamilton,1,1,False
1387,bottas,9,2,False
1388,raikkonen,2,3,False
1389,max_verstappen,4,4,False
1390,ricciardo,19,5,False
1391,vettel,3,7,False
1392,ocon,7,8,False
1393,perez,6,9,False
1394,stroll,15,16,False
1395,alonso,20,18,True
1396,sainz,13,19,True
1397,vettel,1,1,False
1398,raikkonen,2,2,False
1399,bottas,3,3,False
1400,hamilton,4,4,False
1401,max_verstappen,5,5,False
1402,alonso,7,6,False
1403,sainz,9,7,False
1404,perez,13,8,False
1405,ocon,11,9,False
1406,stroll,17,14,False
1407,ricciardo,6,20,True
1408,hamilton,1,1,False
1409,vettel,2,2,False
1410,ricciardo,6,3,False
1411,raikkonen,4,4,False
1412,bottas,3,5,False
1413,ocon,9,9,False
1414,sainz,13,10,False
1415,stroll,15,11,False
1416,perez,8,17,True
1417,alonso,10,18,True
1418,max_verstappen,5,19,True
1419,hamilton,1,1,False
1420,bottas,4,2,False
1421,vettel,6,3,False
1422,ricciardo,16,4,False
1423,raikkonen,5,5,False
1424,ocon,3,6,False
1425,stroll,2,7,False
1426,perez,10,9,False
1427,max_verstappen,13,10,False
1428,sainz,15,14,False
1429,alonso,19,17,True
1430,hamilton,5,1,False
1431,ricciardo,3,2,False
1432,bottas,6,3,False
1433,sainz,10,4,False
1434,perez,12,5,False
1435,stroll,18,8,False
1436,ocon,14,10,False
1437,alonso,8,17,True
1438,vettel,1,18,True
1439,max_verstappen,2,19,True
1440,raikkonen,4,20,True
1441,max_verstappen,3,1,False
1442,hamilton,1,2,False
1443,ricciardo,4,3,False
1444,vettel,20,4,False
1445,bottas,5,5,False
1446,perez,9,6,False
1447,stroll,13,8,False
1448,ocon,6,10,False
1449,alonso,10,11,False
1450,gasly,15,14,False
1451,sainz,14,19,True
1452,raikkonen,0,20,True
1453,hamilton,1,1,False
1454,max_verstappen,4,2,False
1455,ricciardo,3,3,False
1456,bottas,6,4,False
1457,raikkonen,10,5,False
1458,ocon,5,6,False
1459,perez,7,7,False
1460,alonso,20,11,False
1461,gasly,14,13,False
1462,stroll,15,16,True
1463,vettel,2,19,True
1464,sainz,19,20,True
1465,hamilton,1,1,False
1466,vettel,2,2,False
1467,raikkonen,5,3,False
1468,max_verstappen,16,4,False
1469,bottas,3,5,False
1470,ocon,6,6,False
1471,sainz,7,7,False
1472,perez,9,8,False
1473,stroll,15,11,False
1474,alonso,8,17,True
1475,ricciardo,4,18,True
1476,max_verstappen,2,1,False
1477,bottas,4,2,False
1478,raikkonen,5,3,False
1479,vettel,1,4,False
1480,ocon,6,5,False
1481,stroll,11,6,False
1482,perez,9,7,False
1483,hamilton,3,9,False
1484,alonso,18,10,False
1485,gasly,20,13,False
1486,sainz,8,16,True
1487,ricciardo,16,20,True
1488,vettel,2,1,False
1489,bottas,1,2,False
1490,raikkonen,3,3,False
1491,hamilton,20,4,False
1492,max_verstappen,4,5,False
1493,ricciardo,14,6,False
1494,alonso,6,8,False
1495,perez,5,9,False
1496,sainz,8,11,False
1497,gasly,19,12,False
1498,stroll,16,16,False
1499,ocon,10,18,True
1500,bottas,1,1,False
1501,hamilton,2,2,False
1502,vettel,3,3,False
1503,raikkonen,5,4,False
1504,max_verstappen,6,5,False
1505,perez,8,7,False
1506,ocon,9,8,False
1507,alonso,11,9,False
1508,gasly,17,16,False
1509,stroll,15,18,False
1510,sainz,12,19,True
1511,ricciardo,4,20,True
1512,vettel,3,1,False
1513,hamilton,1,2,False
1514,raikkonen,2,3,False
1515,ricciardo,8,4,False
1516,alonso,10,5,False
1517,max_verstappen,4,6,False
1518,bottas,15,8,False
1519,sainz,9,10,False
1520,perez,12,11,False
1521,ocon,14,12,False
1522,leclerc,18,13,False
1523,stroll,13,14,False
1524,gasly,20,18,True
1525,vettel,1,1,False
1526,bottas,3,2,False
1527,hamilton,9,3,False
1528,gasly,5,4,False
1529,alonso,13,7,False
1530,ocon,8,10,False
1531,sainz,10,11,False
1532,leclerc,19,12,False
1533,stroll,20,14,False
1534,perez,12,16,False
1535,raikkonen,2,18,True
1536,max_verstappen,15,19,True
1537,ricciardo,4,20,True
1538,ricciardo,6,1,False
1539,bottas,3,2,False
1540,raikkonen,2,3,False
1541,hamilton,4,4,False
1542,max_verstappen,5,5,False
1543,alonso,13,7,False
1544,vettel,1,8,False
1545,sainz,9,9,False
1546,ocon,12,11,False
1547,perez,8,12,False
1548,stroll,18,14,False
1549,gasly,17,18,False
1550,leclerc,19,19,False
1551,hamilton,2,1,False
1552,raikkonen,6,2,False
1553,perez,8,3,False
1554,vettel,1,4,False
1555,sainz,9,5,False
1556,leclerc,13,6,False
1557,alonso,12,7,False
1558,stroll,10,8,False
1559,gasly,17,12,False
1560,bottas,3,14,True
1561,max_verstappen,5,16,True
1562,ricciardo,4,17,True
1563,ocon,7,19,True
1564,hamilton,1,1,False
1565,bottas,2,2,False
1566,max_verstappen,5,3,False
1567,vettel,3,4,False
1568,ricciardo,6,5,False
1569,sainz,9,7,False
1570,alonso,8,8,False
1571,perez,15,9,False
1572,leclerc,14,10,False
1573,stroll,18,11,False
1574,ocon,13,16,True
1575,raikkonen,4,17,True
1576,gasly,12,19,True
1577,ricciardo,1,1,False
1578,vettel,2,2,False
1579,hamilton,3,3,False
1580,raikkonen,4,4,False
1581,bottas,5,5,False
1582,ocon,6,6,False
1583,gasly,10,7,False
1584,max_verstappen,20,9,False
1585,sainz,8,10,False
1586,perez,9,12,False
1587,stroll,17,17,False
1588,leclerc,14,18,True
1589,alonso,7,20,True
1590,vettel,1,1,False
1591,bottas,2,2,False
1592,max_verstappen,3,3,False
1593,ricciardo,6,4,False
1594,hamilton,4,5,False
1595,raikkonen,5,6,False
1596,sainz,9,8,False
1597,ocon,8,9,False
1598,leclerc,13,10,False
1599,gasly,16,11,False
1600,perez,10,14,False
1601,alonso,14,18,True
1602,stroll,17,20,True
1603,hamilton,1,1,False
1604,max_verstappen,4,2,False
1605,raikkonen,6,3,False
1606,ricciardo,5,4,False
1607,vettel,3,5,False
1608,bottas,2,7,False
1609,sainz,7,8,False
1610,leclerc,8,10,False
1611,alonso,16,16,True
1612,stroll,19,17,True
1613,perez,13,18,True
1614,ocon,11,19,True
1615,gasly,14,20,True
1616,max_verstappen,4,1,False
1617,raikkonen,3,2,False
1618,vettel,6,3,False
1619,ocon,11,6,False
1620,perez,16,7,False
1621,alonso,13,8,False
1622,leclerc,18,9,False
1623,gasly,12,11,False
1624,sainz,9,12,False
1625,stroll,14,14,False
1626,hamilton,2,16,True
1627,ricciardo,7,18,True
1628,bottas,1,19,True
1629,vettel,2,1,False
1630,hamilton,1,2,False
1631,raikkonen,3,3,False
1632,bottas,4,4,False
1633,ricciardo,6,5,False
1634,ocon,10,7,False
1635,alonso,13,8,False
1636,perez,12,10,False
1637,stroll,19,12,False
1638,gasly,14,13,False
1639,max_verstappen,5,15,True
1640,sainz,16,17,True
1641,leclerc,9,19,True
1642,hamilton,14,1,False
1643,bottas,2,2,False
1644,raikkonen,3,3,False
1645,max_verstappen,4,4,False
1646,perez,10,7,False
1647,ocon,15,8,False
1648,sainz,8,12,False
1649,gasly,16,14,False
1650,leclerc,9,15,False
1651,alonso,11,16,True
1652,stroll,18,17,True
1653,vettel,1,18,True
1654,ricciardo,20,20,True
1655,hamilton,1,1,False
1656,vettel,4,2,False
1657,raikkonen,3,3,False
1658,ricciardo,12,4,False
1659,bottas,2,5,False
1660,gasly,6,6,False
1661,alonso,11,8,False
1662,sainz,5,9,False
1663,ocon,18,13,False
1664,perez,19,14,False
1665,stroll,15,17,False
1666,max_verstappen,7,19,True
1667,leclerc,17,20,True
1668,vettel,2,1,False
1669,hamilton,1,2,False
1670,max_verstappen,7,3,False
1671,bottas,19,4,False
1672,perez,4,5,False
1673,ocon,3,6,False
1674,gasly,10,9,False
1675,sainz,14,11,False
1676,stroll,17,13,False
1677,ricciardo,8,16,True
1678,raikkonen,6,17,True
1679,leclerc,12,18,True
1680,alonso,15,19,True
1681,hamilton,3,1,False
1682,raikkonen,1,2,False
1683,bottas,4,3,False
1684,vettel,2,4,False
1685,max_verstappen,5,5,False
1686,ocon,8,6,False
1687,perez,14,7,False
1688,sainz,7,8,False
1689,stroll,10,9,False
1690,leclerc,15,11,False
1691,gasly,9,14,False
1692,ricciardo,19,17,True
1693,alonso,13,18,True
1694,hamilton,1,1,False
1695,max_verstappen,2,2,False
1696,vettel,3,3,False
1697,bottas,4,4,False
1698,raikkonen,5,5,False
1699,ricciardo,6,6,False
1700,alonso,11,7,False
1701,sainz,12,8,False
1702,leclerc,13,9,False
1703,gasly,15,13,False
1704,stroll,20,14,False
1705,perez,7,16,False
1706,ocon,9,20,True
1707,hamilton,2,1,False
1708,bottas,1,2,False
1709,vettel,3,3,False
1710,raikkonen,4,4,False
1711,max_verstappen,19,5,False
1712,ricciardo,18,6,False
1713,leclerc,7,7,False
1714,ocon,6,9,False
1715,perez,8,10,False
1716,alonso,16,14,False
1717,stroll,14,15,False
1718,sainz,11,17,False
1719,gasly,17,19,True
1720,hamilton,1,1,False
1721,bottas,2,2,False
1722,max_verstappen,3,3,False
1723,ricciardo,15,4,False
1724,raikkonen,4,5,False
1725,vettel,8,6,False
1726,perez,9,7,False
1727,ocon,11,9,False
1728,sainz,13,10,False
1729,gasly,7,11,False
1730,alonso,18,14,False
1731,stroll,14,17,False
1732,leclerc,10,18,True
1733,raikkonen,2,1,False
1734,max_verstappen,18,2,False
1735,hamilton,1,3,False
1736,vettel,5,4,False
1737,bottas,3,5,False
1738,sainz,11,7,False
1739,perez,10,8,False
1740,gasly,19,12,False
1741,stroll,15,14,False
1742,leclerc,9,15,True
1743,ricciardo,4,16,True
1744,alonso,13,18,True
1745,ocon,6,19,True
1746,max_verstappen,2,1,False
1747,vettel,4,2,False
1748,raikkonen,6,3,False
1749,hamilton,3,4,False
1750,bottas,5,5,False
1751,leclerc,9,7,False
1752,gasly,20,10,False
1753,ocon,11,11,False
1754,stroll,17,12,False
1755,ricciardo,1,17,True
1756,perez,13,18,True
1757,sainz,8,19,True
1758,alonso,12,20,True
1759,hamilton,1,1,False
1760,max_verstappen,5,2,False
1761,raikkonen,4,3,False
1762,ricciardo,11,4,False
1763,bottas,3,5,False
1764,vettel,2,6,False
1765,leclerc,7,7,False
1766,perez,12,10,False
1767,sainz,15,12,False
1768,gasly,9,13,False
1769,ocon,18,15,False
1770,alonso,17,17,False
1771,stroll,19,18,False
1772,hamilton,1,1,False
1773,vettel,3,2,False
1774,max_verstappen,6,3,False
1775,ricciardo,5,4,False
1776,bottas,2,5,False
1777,sainz,11,6,False
1778,leclerc,8,7,False
1779,perez,14,8,False
1780,alonso,15,11,False
1781,stroll,20,13,False
1782,gasly,17,16,True
1783,ocon,9,17,True
1784,raikkonen,4,19,True
1785,bottas,2,1,False
1786,hamilton,1,2,False
1787,max_verstappen,4,3,False
1788,vettel,3,4,False
1789,leclerc,5,5,False
1790,raikkonen,9,8,False
1791,stroll,16,9,False
1792,gasly,17,11,False
1793,norris,8,12,False
1794,perez,10,13,False
1795,giovinazzi,14,15,False
1796,russell,19,16,False
1797,ricciardo,12,19,True
1798,sainz,18,20,True
1799,hamilton,3,1,False
1800,bottas,4,2,False
1801,leclerc,1,3,False
1802,max_verstappen,5,4,False
1803,vettel,2,5,False
1804,norris,9,6,False
1805,raikkonen,8,7,False
1806,gasly,13,8,False
1807,perez,14,10,False
1808,giovinazzi,16,11,False
1809,stroll,18,14,False
1810,russell,19,15,False
1811,ricciardo,10,18,True
1812,sainz,7,19,True
1813,hamilton,2,1,False
1814,bottas,1,2,False
1815,vettel,3,3,False
1816,max_verstappen,5,4,False
1817,leclerc,4,5,False
1818,gasly,6,6,False
1819,ricciardo,7,7,False
1820,perez,12,8,False
1821,raikkonen,13,9,False
1822,stroll,16,12,False
1823,sainz,14,14,False
1824,giovinazzi,19,15,False
1825,russell,17,16,False
1826,norris,15,18,True
1827,bottas,1,1,False
1828,hamilton,2,2,False
1829,vettel,3,3,False
1830,max_verstappen,4,4,False
1831,leclerc,8,5,False
1832,perez,5,6,False
1833,sainz,9,7,False
1834,norris,7,8,False
1835,stroll,13,9,False
1836,raikkonen,0,10,False
1837,giovinazzi,17,12,False
1838,russell,16,15,False
1839,gasly,0,17,True
1840,ricciardo,10,20,True
1841,hamilton,2,1,False
1842,bottas,1,2,False
1843,max_verstappen,4,3,False
1844,vettel,3,4,False
1845,leclerc,5,5,False
1846,gasly,6,6,False
1847,sainz,12,8,False
1848,ricciardo,13,12,False
1849,raikkonen,14,14,False
1850,perez,15,15,False
1851,giovinazzi,18,16,False
1852,russell,19,17,False
1853,stroll,16,19,True
1854,norris,10,20,True
1855,hamilton,1,1,False
1856,vettel,4,2,False
1857,bottas,2,3,False
1858,max_verstappen,3,4,False
1859,gasly,8,5,False
1860,sainz,9,6,False
1861,ricciardo,6,9,False
1862,norris,12,11,False
1863,perez,16,12,False
1864,russell,19,15,False
1865,stroll,17,16,False
1866,raikkonen,14,17,False
1867,giovinazzi,18,19,False
1868,leclerc,15,20,True
1869,hamilton,2,1,False
1870,vettel,1,2,False
1871,leclerc,3,3,False
1872,bottas,6,4,False
1873,max_verstappen,9,5,False
1874,ricciardo,4,6,False
1875,gasly,5,8,False
1876,stroll,17,9,False
1877,sainz,11,11,False
1878,perez,15,12,False
1879,giovinazzi,12,13,False
1880,raikkonen,16,15,False
1881,russell,18,16,False
1882,norris,8,20,True
1883,hamilton,1,1,False
1884,bottas,2,2,False
1885,leclerc,3,3,False
1886,max_verstappen,4,4,False
1887,vettel,7,5,False
1888,sainz,6,6,False
1889,raikkonen,12,7,False
1890,norris,5,9,False
1891,gasly,9,10,False
1892,ricciardo,8,11,False
1893,perez,14,12,False
1894,stroll,17,13,False
1895,giovinazzi,10,16,False
1896,russell,20,19,False
1897,max_verstappen,2,1,False
1898,leclerc,1,2,False
1899,bottas,3,3,False
1900,vettel,9,4,False
1901,hamilton,4,5,False
1902,norris,5,6,False
1903,gasly,8,7,False
1904,sainz,19,8,False
1905,raikkonen,6,9,False
1906,giovinazzi,7,10,False
1907,perez,13,11,False
1908,ricciardo,12,12,False
1909,stroll,14,14,False
1910,russell,0,18,False
1911,hamilton,2,1,False
1912,bottas,1,2,False
1913,leclerc,3,3,False
1914,gasly,5,4,False
1915,max_verstappen,4,5,False
1916,sainz,13,6,False
1917,ricciardo,7,7,False
1918,raikkonen,12,8,False
1919,norris,8,11,False
1920,stroll,18,13,False
1921,russell,19,14,False
1922,vettel,6,16,False
1923,perez,15,17,False
1924,giovinazzi,11,18,True
1925,max_verstappen,2,1,False
1926,vettel,20,2,False
1927,stroll,15,4,False
1928,sainz,7,5,False
1929,hamilton,1,9,False
1930,russell,17,11,False
1931,raikkonen,5,12,False
1932,giovinazzi,11,13,False
1933,gasly,4,14,True
1934,bottas,3,15,True
1935,leclerc,10,17,True
1936,norris,19,18,True
1937,ricciardo,13,19,True
1938,perez,8,20,True
1939,hamilton,3,1,False
1940,max_verstappen,1,2,False
1941,vettel,5,3,False
1942,leclerc,4,4,False
1943,sainz,8,5,False
1944,gasly,6,6,False
1945,raikkonen,10,7,False
1946,bottas,2,8,False
1947,norris,7,9,False
1948,perez,16,11,False
1949,ricciardo,20,14,False
1950,russell,15,16,False
1951,stroll,18,17,False
1952,giovinazzi,17,18,False
1953,leclerc,1,1,False
1954,hamilton,3,2,False
1955,bottas,4,3,False
1956,vettel,2,4,False
1957,perez,7,6,False
1958,gasly,13,9,False
1959,stroll,16,10,False
1960,norris,11,11,True
1961,ricciardo,10,14,False
1962,russell,14,15,False
1963,raikkonen,6,16,False
1964,giovinazzi,18,18,True
1965,sainz,15,19,True
1966,max_verstappen,5,20,True
1967,leclerc,1,1,False
1968,bottas,3,2,False
1969,hamilton,2,3,False
1970,ricciardo,5,4,False
1971,perez,18,7,False
1972,max_verstappen,19,8,False
1973,giovinazzi,10,9,False
1974,norris,16,10,False
1975,gasly,17,11,False
1976,stroll,9,12,False
1977,vettel,4,13,False
1978,russell,14,14,False
1979,raikkonen,0,15,False
1980,sainz,7,20,True
1981,vettel,3,1,False
1982,leclerc,1,2,False
1983,max_verstappen,4,3,False
1984,hamilton,2,4,False
1985,bottas,5,5,False
1986,norris,9,7,False
1987,gasly,11,8,False
1988,giovinazzi,10,10,False
1989,sainz,7,12,False
1990,stroll,16,13,False
1991,ricciardo,20,14,False
1992,raikkonen,12,18,True
1993,perez,15,19,True
1994,russell,18,20,True
1995,hamilton,2,1,False
1996,bottas,4,2,False
1997,leclerc,1,3,False
1998,max_verstappen,9,4,False
1999,sainz,5,6,False
2000,perez,11,7,False
2001,norris,7,8,False
2002,stroll,14,11,False
2003,raikkonen,15,13,False
2004,gasly,16,14,False
2005,giovinazzi,12,15,False
2006,russell,17,17,True
2007,vettel,3,18,True
2008,ricciardo,10,19,True
2009,bottas,3,1,False
2010,vettel,1,2,False
2011,hamilton,4,3,False
2012,sainz,7,5,False
2013,leclerc,2,6,False
2014,gasly,9,7,False
2015,perez,17,8,False
2016,stroll,12,9,False
2017,norris,8,11,False
2018,raikkonen,13,12,False
2019,giovinazzi,11,14,False
2020,russell,18,16,False
2021,max_verstappen,5,18,True
2022,ricciardo,16,19,True
2023,hamilton,3,1,False
2024,vettel,2,2,False
2025,bottas,6,3,False
2026,leclerc,1,4,False
2027,max_verstappen,4,6,False
2028,perez,11,7,False
2029,ricciardo,13,8,False
2030,gasly,10,9,False
2031,stroll,16,12,False
2032,sainz,7,13,False
2033,giovinazzi,15,14,False
2034,russell,19,16,False
2035,raikkonen,14,19,True
2036,norris,8,20,True
2037,bottas,1,1,False
2038,hamilton,5,2,False
2039,max_verstappen,3,3,False
2040,leclerc,4,4,False
2041,ricciardo,9,6,False
2042,norris,8,7,False
2043,sainz,7,8,False
2044,perez,0,10,False
2045,raikkonen,17,11,False
2046,stroll,14,13,False
2047,giovinazzi,16,14,False
2048,gasly,10,16,True
2049,russell,18,17,False
2050,vettel,2,20,True
2051,max_verstappen,1,1,False
2052,gasly,6,2,False
2053,sainz,20,3,False
2054,raikkonen,8,4,False
2055,giovinazzi,12,5,False
2056,ricciardo,11,6,False
2057,hamilton,3,7,False
2058,norris,10,8,False
2059,perez,15,9,False
2060,russell,18,12,False
2061,vettel,2,17,True
2062,leclerc,14,18,True
2063,stroll,17,19,True
2064,bottas,4,20,True
2065,hamilton,1,1,False
2066,max_verstappen,2,2,False
2067,leclerc,3,3,False
2068,bottas,20,4,False
2069,vettel,4,5,False
2070,perez,10,7,False
2071,norris,6,8,False
2072,sainz,8,10,False
2073,ricciardo,7,11,False
2074,raikkonen,17,13,False
2075,giovinazzi,16,16,False
2076,russell,18,17,False
2077,gasly,11,18,False
2078,stroll,12,20,True
2079,bottas,1,1,False
2080,leclerc,7,2,False
2081,norris,3,3,False
2082,hamilton,5,4,False
2083,sainz,8,5,False
2084,perez,6,6,False
2085,gasly,12,7,False
2086,ocon,14,8,False
2087,giovinazzi,18,9,False
2088,vettel,11,10,False
2089,latifi,20,11,False
2090,raikkonen,19,14,True
2091,russell,17,15,True
2092,stroll,9,18,True
2093,ricciardo,10,19,True
2094,max_verstappen,2,20,True
2095,hamilton,1,1,False
2096,bottas,4,2,False
2097,max_verstappen,2,3,False
2098,norris,9,5,False
2099,perez,17,6,False
2100,stroll,12,7,False
2101,ricciardo,8,8,False
2102,sainz,3,9,False
2103,raikkonen,16,11,False
2104,giovinazzi,19,14,False
2105,gasly,7,15,False
2106,russell,11,16,False
2107,latifi,18,17,False
2108,ocon,5,18,True
2109,leclerc,14,19,True
2110,vettel,10,20,True
2111,hamilton,1,1,False
2112,max_verstappen,7,2,False
2113,bottas,2,3,False
2114,stroll,3,4,False
2115,vettel,5,6,False
2116,perez,4,7,False
2117,ricciardo,11,8,False
2118,sainz,9,9,False
2119,leclerc,6,11,False
2120,norris,8,13,False
2121,ocon,14,14,False
2122,raikkonen,20,15,False
2123,giovinazzi,19,17,False
2124,russell,12,18,False
2125,latifi,15,19,False
2126,gasly,10,20,True
2127,hamilton,1,1,False
2128,max_verstappen,3,2,False
2129,leclerc,4,3,False
2130,ricciardo,8,4,False
2131,norris,5,5,False
2132,ocon,9,6,False
2133,gasly,11,7,False
2134,stroll,6,9,False
2135,vettel,10,10,False
2136,bottas,2,11,False
2137,russell,20,12,False
2138,sainz,7,13,False
2139,giovinazzi,15,14,False
2140,latifi,18,15,False
2141,raikkonen,16,17,False
2142,max_verstappen,4,1,False
2143,hamilton,2,2,False
2144,bottas,1,3,False
2145,leclerc,8,4,False
2146,stroll,6,6,False
2147,ocon,14,8,False
2148,norris,10,9,False
2149,gasly,7,11,False
2150,vettel,11,12,False
2151,sainz,12,13,False
2152,ricciardo,5,14,False
2153,raikkonen,20,15,False
2154,giovinazzi,19,17,False
2155,russell,15,18,False
2156,latifi,18,19,False
2157,hamilton,1,1,False
2158,max_verstappen,3,2,False
2159,bottas,2,3,False
2160,stroll,5,4,False
2161,perez,4,5,False
2162,sainz,7,6,False
2163,vettel,11,7,False
2164,gasly,10,9,False
2165,norris,8,10,False
2166,ricciardo,13,11,False
2167,ocon,15,13,False
2168,raikkonen,14,14,False
2169,giovinazzi,20,16,False
2170,russell,18,17,False
2171,latifi,19,18,False
2172,leclerc,9,20,True
2173,hamilton,1,1,False
2174,bottas,2,2,False
2175,max_verstappen,3,3,False
2176,ricciardo,4,4,False
2177,ocon,6,5,False
2178,norris,10,7,False
2179,gasly,12,8,False
2180,stroll,9,9,False
2181,perez,8,10,False
2182,raikkonen,16,12,False
2183,vettel,14,13,False
2184,leclerc,13,14,False
2185,latifi,19,16,False
2186,giovinazzi,18,18,True
2187,russell,15,19,True
2188,sainz,7,20,True
2189,gasly,10,1,False
2190,sainz,3,2,False
2191,stroll,8,3,False
2192,norris,6,4,False
2193,bottas,2,5,False
2194,ricciardo,7,6,False
2195,hamilton,1,7,False
2196,ocon,12,8,False
2197,perez,4,10,False
2198,latifi,20,11,False
2199,raikkonen,14,13,False
2200,russell,19,14,False
2201,giovinazzi,18,16,False
2202,max_verstappen,5,17,True
2203,leclerc,13,18,True
2204,vettel,17,20,True
2205,hamilton,1,1,False
2206,bottas,2,2,False
2207,ricciardo,8,4,False
2208,perez,7,5,False
2209,norris,11,6,False
2210,leclerc,5,8,False
2211,raikkonen,13,9,False
2212,vettel,14,10,False
2213,russell,18,11,False
2214,stroll,6,13,True
2215,ocon,10,14,True
2216,latifi,19,15,True
2217,giovinazzi,17,17,True
2218,sainz,9,18,True
2219,max_verstappen,3,19,True
2220,gasly,16,20,True
2221,bottas,3,1,False
2222,max_verstappen,2,2,False
2223,hamilton,1,3,False
2224,perez,4,4,False
2225,ricciardo,5,5,False
2226,leclerc,10,6,False
2227,ocon,7,7,False
2228,gasly,9,9,False
2229,giovinazzi,17,11,False
2230,vettel,14,13,False
2231,raikkonen,19,14,False
2232,norris,8,15,False
2233,latifi,20,16,False
2234,russell,13,18,False
2235,sainz,6,19,True
2236,stroll,12,20,True
2237,hamilton,2,1,False
2238,max_verstappen,3,2,False
2239,ricciardo,6,3,False
2240,perez,9,4,False
2241,sainz,10,5,False
2242,gasly,12,6,False
2243,leclerc,4,7,False
2244,giovinazzi,14,10,False
2245,vettel,11,11,False
2246,raikkonen,19,12,False
2247,latifi,18,14,False
2248,norris,8,16,True
2249,ocon,7,18,True
2250,bottas,1,19,True
2251,russell,17,20,True
2252,hamilton,1,1,False
2253,bottas,2,2,False
2254,max_verstappen,3,3,False
2255,leclerc,4,4,False
2256,gasly,9,5,False
2257,sainz,7,6,False
2258,perez,5,7,False
2259,ocon,11,8,False
2260,ricciardo,10,9,False
2261,vettel,15,10,False
2262,raikkonen,16,11,False
2263,norris,8,13,False
2264,russell,14,14,False
2265,giovinazzi,17,15,False
2266,latifi,20,18,False
2267,stroll,12,20,True
2268,hamilton,2,1,False
2269,bottas,1,2,False
2270,ricciardo,5,3,False
2271,leclerc,7,5,False
2272,perez,11,6,False
2273,sainz,10,7,False
2274,norris,9,8,False
2275,raikkonen,18,9,False
2276,giovinazzi,20,10,False
2277,latifi,19,11,False
2278,vettel,14,12,False
2279,stroll,15,13,False
2280,russell,13,16,True
2281,max_verstappen,3,17,True
2282,ocon,12,19,True
2283,gasly,4,20,True
2284,hamilton,6,1,False
2285,perez,3,2,False
2286,vettel,11,3,False
2287,leclerc,12,4,False
2288,sainz,15,5,False
2289,max_verstappen,2,6,False
2290,norris,14,8,False
2291,stroll,1,9,False
2292,ricciardo,5,10,False
2293,ocon,7,11,False
2294,gasly,19,13,False
2295,bottas,9,14,False
2296,raikkonen,8,15,False
2297,russell,0,16,False
2298,latifi,0,19,True
2299,giovinazzi,10,20,True
2300,hamilton,1,1,False
2301,max_verstappen,3,2,False
2302,norris,9,4,False
2303,sainz,15,5,False
2304,gasly,8,6,False
2305,ricciardo,6,7,False
2306,bottas,2,8,False
2307,ocon,7,9,False
2308,leclerc,12,10,False
2309,russell,14,12,False
2310,vettel,11,13,False
2311,latifi,20,14,False
2312,raikkonen,17,15,False
2313,giovinazzi,16,16,False
2314,perez,5,18,True
2315,stroll,13,19,True
2316,perez,5,1,False
2317,ocon,11,2,False
2318,stroll,10,3,False
2319,sainz,8,4,False
2320,ricciardo,7,5,False
2321,bottas,1,8,False
2322,russell,2,9,False
2323,norris,19,10,False
2324,gasly,9,11,False
2325,vettel,13,12,False
2326,giovinazzi,14,13,False
2327,raikkonen,18,14,False
2328,latifi,16,18,True
2329,max_verstappen,3,19,True
2330,leclerc,4,20,True
2331,max_verstappen,1,1,False
2332,bottas,2,2,False
2333,hamilton,3,3,False
2334,norris,4,5,False
2335,sainz,6,6,False
2336,ricciardo,11,7,False
2337,gasly,9,8,False
2338,ocon,10,9,False
2339,stroll,8,10,False
2340,raikkonen,15,12,False
2341,leclerc,12,13,False
2342,vettel,13,14,False
2343,russell,16,15,False
2344,giovinazzi,14,16,False
2345,latifi,18,17,False
2346,perez,19,20,True
2347,hamilton,2,1,False
2348,max_verstappen,1,2,False
2349,bottas,3,3,False
2350,norris,7,4,False
2351,perez,0,5,False
2352,leclerc,4,6,False
2353,ricciardo,6,7,False
2354,sainz,8,8,False
2355,tsunoda,13,9,False
2356,stroll,10,10,False
2357,raikkonen,14,11,False
2358,giovinazzi,12,12,False
2359,ocon,16,13,False
2360,russell,15,14,False
2361,vettel,20,15,False
2362,mick_schumacher,18,16,False
2363,gasly,5,17,True
2364,latifi,17,18,True
2365,alonso,9,19,True
2366,mazepin,19,20,True
2367,max_verstappen,3,1,False
2368,hamilton,1,2,False
2369,norris,7,3,False
2370,leclerc,4,4,False
2371,sainz,11,5,False
2372,ricciardo,6,6,False
2373,gasly,5,7,False
2374,stroll,10,8,False
2375,ocon,9,9,False
2376,alonso,15,10,False
2377,perez,2,11,False
2378,tsunoda,20,12,False
2379,raikkonen,16,13,False
2380,giovinazzi,17,14,False
2381,vettel,0,15,True
2382,mick_schumacher,18,16,False
2383,mazepin,19,17,False
2384,bottas,8,18,True
2385,russell,12,19,True
2386,latifi,14,20,True
2387,hamilton,2,1,False
2388,max_verstappen,3,2,False
2389,bottas,1,3,False
2390,perez,4,4,False
2391,norris,7,5,False
2392,leclerc,8,6,False
2393,ocon,6,7,False
2394,alonso,13,8,False
2395,ricciardo,16,9,False
2396,gasly,9,10,False
2397,sainz,5,11,False
2398,giovinazzi,12,12,False
2399,vettel,10,13,False
2400,stroll,17,14,False
2401,tsunoda,14,15,False
2402,russell,11,16,False
2403,mick_schumacher,19,17,False
2404,latifi,18,18,False
2405,mazepin,20,19,False
2406,raikkonen,15,20,True
2407,hamilton,1,1,False
2408,max_verstappen,2,2,False
2409,bottas,3,3,False
2410,leclerc,4,4,False
2411,perez,8,5,False
2412,ricciardo,7,6,False
2413,sainz,6,7,False
2414,norris,9,8,False
2415,ocon,5,9,False
2416,gasly,12,10,False
2417,stroll,11,11,False
2418,raikkonen,17,12,False
2419,vettel,13,13,False
2420,russell,15,14,False
2421,giovinazzi,14,15,False
2422,latifi,19,16,False
2423,alonso,10,17,False
2424,mick_schumacher,18,18,False
2425,mazepin,20,19,False
2426,tsunoda,16,20,True
2427,max_verstappen,2,1,False
2428,sainz,4,2,False
2429,norris,5,3,False
2430,perez,9,4,False
2431,vettel,8,5,False
2432,gasly,6,6,False
2433,hamilton,7,7,False
2434,stroll,13,8,False
2435,ocon,11,9,False
2436,giovinazzi,10,10,False
2437,raikkonen,14,11,False
2438,ricciardo,12,12,False
2439,alonso,17,13,False
2440,russell,15,14,False
2441,latifi,18,15,False
2442,tsunoda,16,16,False
2443,mazepin,19,17,False
2444,mick_schumacher,20,18,False
2445,bottas,3,19,True
2446,leclerc,1,20,True
2447,perez,6,1,False
2448,vettel,11,2,False
2449,gasly,4,3,False
2450,leclerc,1,4,False
2451,norris,9,5,False
2452,alonso,8,6,False
2453,tsunoda,7,7,False
2454,sainz,5,8,False
2455,ricciardo,13,9,False
2456,raikkonen,14,10,False
2457,giovinazzi,20,11,False
2458,bottas,10,12,False
2459,mick_schumacher,17,13,False
2460,mazepin,18,14,False
2461,hamilton,2,15,False
2462,latifi,16,16,False
2463,russell,15,17,True
2464,max_verstappen,3,18,True
2465,stroll,19,19,True
2466,ocon,12,20,True
2467,max_verstappen,1,1,False
2468,hamilton,2,2,False
2469,perez,4,3,False
2470,bottas,3,4,False
2471,norris,8,5,False
2472,ricciardo,10,6,False
2473,gasly,6,7,False
2474,alonso,9,8,False
2475,vettel,12,9,False
2476,stroll,19,10,False
2477,sainz,5,11,False
2478,russell,14,12,False
2479,tsunoda,0,13,False
2480,ocon,11,14,False
2481,giovinazzi,13,15,False
2482,leclerc,7,16,False
2483,raikkonen,17,17,False
2484,latifi,16,18,False
2485,mick_schumacher,15,19,False
2486,mazepin,18,20,False
2487,max_verstappen,1,1,False
2488,hamilton,2,2,False
2489,bottas,5,3,False
2490,perez,4,4,False
2491,norris,3,5,False
2492,sainz,12,6,False
2493,leclerc,7,7,False
2494,stroll,9,8,False
2495,alonso,8,9,False
2496,tsunoda,11,10,False
2497,raikkonen,18,11,False
2498,vettel,14,12,False
2499,ricciardo,13,13,False
2500,ocon,17,14,False
2501,giovinazzi,15,15,False
2502,mick_schumacher,19,16,False
2503,latifi,16,17,False
2504,mazepin,20,18,False
2505,russell,10,19,True
2506,gasly,6,20,True
2507,max_verstappen,1,1,False
2508,bottas,5,2,False
2509,norris,2,3,False
2510,hamilton,4,4,False
2511,sainz,10,5,False
2512,perez,3,6,False
2513,ricciardo,13,7,False
2514,leclerc,12,8,False
2515,gasly,6,9,False
2516,alonso,14,10,False
2517,russell,8,11,False
2518,tsunoda,7,12,False
2519,stroll,9,13,False
2520,giovinazzi,15,14,False
2521,raikkonen,16,15,False
2522,latifi,18,16,False
2523,vettel,11,17,True
2524,mick_schumacher,19,18,False
2525,mazepin,20,19,False
2526,ocon,17,20,True
2527,hamilton,2,1,False
2528,leclerc,4,2,False
2529,bottas,3,3,False
2530,norris,5,4,False
2531,ricciardo,6,5,False
2532,sainz,10,6,False
2533,alonso,7,7,False
2534,stroll,14,8,False
2535,ocon,9,9,False
2536,tsunoda,16,10,False
2537,gasly,11,11,False
2538,russell,12,12,False
2539,giovinazzi,15,13,False
2540,latifi,17,14,False
2541,raikkonen,13,15,False
2542,perez,0,16,False
2543,mazepin,19,17,False
2544,mick_schumacher,18,18,False
2545,vettel,8,19,True
2546,max_verstappen,1,20,True
2547,ocon,8,1,False
2548,hamilton,1,2,False
2549,sainz,15,3,False
2550,alonso,9,4,False
2551,gasly,5,5,False
2552,tsunoda,16,6,False
2553,latifi,18,7,False
2554,russell,17,8,False
2555,max_verstappen,3,9,False
2556,raikkonen,13,10,False
2557,ricciardo,11,11,False
2558,mick_schumacher,20,12,False
2559,giovinazzi,0,13,False
2560,mazepin,19,14,True
2561,norris,6,15,True
2562,bottas,2,16,True
2563,perez,4,17,True
2564,leclerc,7,18,True
2565,stroll,12,19,True
2566,vettel,10,20,True
2567,max_verstappen,1,1,False
2568,russell,2,2,False
2569,hamilton,3,3,False
2570,ricciardo,4,4,False
2571,vettel,5,5,False
2572,gasly,6,6,False
2573,ocon,8,7,False
2574,leclerc,9,8,False
2575,latifi,10,9,False
2576,sainz,11,10,False
2577,alonso,12,11,False
2578,bottas,13,12,False
2579,giovinazzi,14,13,False
2580,norris,15,14,False
2581,tsunoda,16,15,False
2582,mick_schumacher,17,16,False
2583,mazepin,18,17,False
2584,stroll,19,18,False
2585,raikkonen,20,19,False
2586,perez,7,20,False
2587,max_verstappen,1,1,False
2588,hamilton,2,2,False
2589,bottas,3,3,False
2590,gasly,4,4,False
2591,leclerc,5,5,False
2592,alonso,9,6,False
2593,sainz,6,7,False
2594,perez,0,8,False
2595,ocon,8,9,False
2596,norris,13,10,False
2597,ricciardo,10,11,False
2598,stroll,12,12,False
2599,vettel,15,13,False
2600,giovinazzi,7,14,False
2601,latifi,0,16,False
2602,russell,11,17,True
2603,mick_schumacher,17,18,False
2604,tsunoda,14,19,True
2605,mazepin,18,20,True
2606,ricciardo,2,1,False
2607,norris,3,2,False
2608,bottas,19,3,False
2609,leclerc,5,4,False
2610,perez,8,5,False
2611,sainz,6,6,False
2612,stroll,9,7,False
2613,alonso,10,8,False
2614,russell,14,9,False
2615,ocon,12,10,False
2616,latifi,13,11,False
2617,vettel,11,12,False
2618,giovinazzi,7,13,False
2619,mick_schumacher,18,15,False
2620,mazepin,16,16,True
2621,hamilton,4,17,True
2622,max_verstappen,1,18,True
2623,gasly,0,19,True
2624,tsunoda,0,20,True
2625,hamilton,4,1,False
2626,max_verstappen,20,2,False
2627,sainz,2,3,False
2628,ricciardo,5,4,False
2629,bottas,16,5,False
2630,alonso,6,6,False
2631,norris,1,7,False
2632,raikkonen,13,8,False
2633,perez,8,9,False
2634,russell,3,10,False
2635,stroll,7,11,False
2636,vettel,10,12,False
2637,gasly,11,13,False
2638,ocon,9,14,False
2639,leclerc,19,15,False
2640,giovinazzi,17,16,False
2641,tsunoda,12,17,False
2642,mazepin,15,18,False
2643,latifi,18,19,True
2644,mick_schumacher,14,20,True
2645,bottas,1,1,False
2646,max_verstappen,2,2,False
2647,perez,6,3,False
2648,leclerc,3,4,False
2649,hamilton,11,5,False
2650,gasly,4,6,False
2651,norris,7,7,False
2652,sainz,19,8,False
2653,stroll,8,9,False
2654,ocon,12,10,False
2655,giovinazzi,16,11,False
2656,raikkonen,17,12,False
2657,ricciardo,20,13,False
2658,tsunoda,9,14,False
2659,russell,13,15,False
2660,alonso,5,16,False
2661,latifi,15,17,False
2662,vettel,10,18,False
2663,mick_schumacher,14,19,False
2664,mazepin,18,20,False
2665,max_verstappen,1,1,False
2666,hamilton,2,2,False
2667,perez,3,3,False
2668,leclerc,4,4,False
2669,ricciardo,6,5,False
2670,bottas,9,6,False
2671,sainz,5,7,False
2672,norris,7,8,False
2673,tsunoda,10,9,False
2674,vettel,18,10,False
2675,giovinazzi,12,11,False
2676,stroll,13,12,False
2677,raikkonen,15,13,False
2678,russell,20,14,False
2679,latifi,14,15,False
2680,mick_schumacher,16,16,False
2681,mazepin,17,17,False
2682,alonso,19,18,True
2683,ocon,11,19,True
2684,gasly,8,20,True
2685,max_verstappen,3,1,False
2686,hamilton,2,2,False
2687,perez,4,3,False
2688,gasly,5,4,False
2689,leclerc,8,5,False
2690,sainz,6,6,False
2691,vettel,9,7,False
2692,raikkonen,10,8,False
2693,alonso,12,9,False
2694,norris,18,10,False
2695,giovinazzi,11,11,False
2696,ricciardo,7,12,False
2697,ocon,19,13,False
2698,stroll,20,14,False
2699,bottas,1,15,False
2700,russell,16,16,False
2701,latifi,13,17,False
2702,mazepin,15,18,False
2703,mick_schumacher,14,19,True
2704,tsunoda,17,20,True
